[{"id":1,"name":"Just Clean Code","description":null,"author":null,"email":null,"version":null,"enabled":true,"premium":null,"created_at":"2021-02-12T00:00:04.087Z","updated_at":"2021-02-12T00:07:39.760Z","attachment":{"id":74,"name":"test.zip","alternativeText":null,"caption":null,"width":null,"height":null,"formats":null,"hash":"test_f50af3e0fb","ext":".zip","mime":"application/x-zip-compressed","size":255.84,"url":"/uploads/test_f50af3e0fb.zip","previewUrl":null,"provider":"local","provider_metadata":null,"created_at":"2021-02-11T23:59:19.790Z","updated_at":"2021-02-11T23:59:19.790Z"},"featured":{"id":54,"name":"moka-preview-Just Clean Code Homepage.jpg","alternativeText":null,"caption":null,"width":548,"height":924,"formats":{"thumbnail":{"name":"thumbnail_moka-preview-Just Clean Code Homepage.jpg","hash":"thumbnail_moka_preview_Just_Clean_Code_Homepage_e98e1bf2a0","ext":".jpg","mime":"image/jpg","width":93,"height":156,"size":14.57,"path":null,"url":"/uploads/thumbnail_moka_preview_Just_Clean_Code_Homepage_e98e1bf2a0.jpg"},"medium":{"name":"medium_moka-preview-Just Clean Code Homepage.jpg","hash":"medium_moka_preview_Just_Clean_Code_Homepage_e98e1bf2a0","ext":".jpg","mime":"image/jpg","width":445,"height":750,"size":156.34,"path":null,"url":"/uploads/medium_moka_preview_Just_Clean_Code_Homepage_e98e1bf2a0.jpg"},"small":{"name":"small_moka-preview-Just Clean Code Homepage.jpg","hash":"small_moka_preview_Just_Clean_Code_Homepage_e98e1bf2a0","ext":".jpg","mime":"image/jpg","width":297,"height":500,"size":80.82,"path":null,"url":"/uploads/small_moka_preview_Just_Clean_Code_Homepage_e98e1bf2a0.jpg"}},"hash":"moka_preview_Just_Clean_Code_Homepage_e98e1bf2a0","ext":".jpg","mime":"image/jpg","size":177.47,"url":"/uploads/moka_preview_Just_Clean_Code_Homepage_e98e1bf2a0.jpg","previewUrl":null,"provider":"local","provider_metadata":null,"created_at":"2021-02-10T09:32:59.546Z","updated_at":"2021-02-10T09:32:59.546Z"}}]